"","","","Number of cases","Number of deaths"
"Country","Data as of","Case definition"," Cumulative"," Cumulative"
"Guinea"," 5 January 2015"," Confirmed","2477","1504"
"Guinea"," 5 January 2015"," Probable","282","282"
"Guinea"," 5 January 2015"," Suspected","17","Not available"
"Guinea"," 5 January 2015"," Total","2776","1786"
"Liberia"," 3 January 2015"," Confirmed","3118","Not available"
"Liberia"," 3 January 2015"," Probable","1816","Not available"
"Liberia"," 3 January 2015"," Suspected","3232","Not available"
"Liberia"," 3 January 2015"," Total","8166","3496"
"Sierra Leone"," 6 January 2015"," Confirmed","7759","2611"
"Sierra Leone"," 6 January 2015"," Probable","287","208"
"Sierra Leone"," 6 January 2015"," Suspected","1984","158"
"Sierra Leone"," 6 January 2015"," Total","10 030","2977"
"All countries","  "," Total","20 972","8259"
