"","","","Number of cases","Number of deaths"
"Country","Data as of","Case definition"," Cumulative"," Cumulative"
"Guinea"," 27 October 2015"," Confirmed","3350","2083"
"Guinea"," 27 October 2015"," Probable","453","453"
"Guinea"," 27 October 2015"," Suspected","5","Not available"
"Guinea"," 27 October 2015"," Total","3808","2536"
"Liberia"," 20 September 2015"," Confirmed","6","2"
"Liberia"," 20 September 2015"," Probable","Not available","Not available"
"Liberia"," 20 September 2015"," Suspected","Not available","Not available"
"Liberia"," 20 September 2015"," Total","6","2"
"Liberia"," 9 May 2015"," Confirmed","3151","Not available"
"Liberia"," 9 May 2015"," Probable","1879","Not available"
"Liberia"," 9 May 2015"," Suspected","5636","Not available"
"Liberia"," 9 May 2015"," Total","10 666","4806"
"Sierra Leone"," 27 October 2015"," Confirmed","8704","3589"
"Sierra Leone"," 27 October 2015"," Probable","287","208"
"Sierra Leone"," 27 October 2015"," Suspected","5075","158"
"Sierra Leone"," 27 October 2015"," Total","14 066","3955"
"All countries","  "," Confirmed","15 211","Not available"
"All countries","  "," Probable","2619","Not available"
"All countries","  "," Suspected","10 716","Not available"
"All countries","  "," Total","28 546","11 299"
