"","","","Number of cases","Number of deaths"
"Country","Data as of","Case definition"," Cumulative"," Cumulative"
"Guinea"," 5 May 2015"," Confirmed","3170","1972"
"Guinea"," 5 May 2015"," Probable","415","415"
"Guinea"," 5 May 2015"," Suspected","7","Not available"
"Guinea"," 5 May 2015"," Total","3592","2387"
"Liberia"," 3 May 2015"," Confirmed","3151","Not available"
"Liberia"," 3 May 2015"," Probable","1879","Not available"
"Liberia"," 3 May 2015"," Suspected","5534","Not available"
"Liberia"," 3 May 2015"," Total","10 564","4716"
"Sierra Leone"," 6 May 2015"," Confirmed","8597","3538"
"Sierra Leone"," 6 May 2015"," Probable","287","208"
"Sierra Leone"," 6 May 2015"," Suspected","3608","158"
"Sierra Leone"," 6 May 2015"," Total","12 492","3904"
"All countries","  "," Confirmed","14 918","Not available"
"All countries","  "," Probable","2581","Not available"
"All countries","  "," Suspected","9149","Not available"
"All countries","  "," Total","26 648","11 007"
