"","","","Number of cases","Number of deaths"
"Country","Data as of","Case definition"," Cumulative"," Cumulative"
"Guinea"," 13 January 2015"," Confirmed","2525","1541"
"Guinea"," 13 January 2015"," Probable","288","288"
"Guinea"," 13 January 2015"," Suspected","12","Not available"
"Guinea"," 13 January 2015"," Total","2825","1829"
"Liberia"," 12 January 2015"," Confirmed","3127","Not available"
"Liberia"," 12 January 2015"," Probable","1841","Not available"
"Liberia"," 12 January 2015"," Suspected","3394","Not available"
"Liberia"," 12 January 2015"," Total","8362","3556"
"Sierra Leone"," 13 January 2015"," Confirmed","7825","2717"
"Sierra Leone"," 13 January 2015"," Probable","287","208"
"Sierra Leone"," 13 January 2015"," Suspected","2074","158"
"Sierra Leone"," 13 January 2015"," Total","10 186","3083"
"All countries","  "," Total","21 373","8468"
