"","","","Number of cases","Number of cases","Number of deaths"
"Country","Data as of","Case definition"," Cumulative"," In past 21 days"," Cumulative"
"Guinea"," 2 August 2015"," Confirmed","3327","27","2070"
"Guinea"," 2 August 2015"," Probable","452","Not reported.","452"
"Guinea"," 2 August 2015"," Suspected","5","Not reported.","Data not available."
"Guinea"," 2 August 2015"," Total","3784","27","2522"
"Liberia"," 2 August 2015"," Confirmed","6","0","2"
"Liberia"," 2 August 2015"," Probable","0","Not reported.","Data not available."
"Liberia"," 2 August 2015"," Suspected","Data not available.","Not reported.","Data not available."
"Liberia"," 2 August 2015"," Total","6","0","2"
"Liberia"," 9 May 2015"," Confirmed","3151","-","Data not available."
"Liberia"," 9 May 2015"," Probable","1879","-","Data not available."
"Liberia"," 9 May 2015"," Suspected","5636","-","Data not available."
"Liberia"," 9 May 2015"," Total","10 666","-","4806"
"Sierra Leone"," 2 August 2015"," Confirmed","8695","7","3585"
"Sierra Leone"," 2 August 2015"," Probable","287","Not reported.","208"
"Sierra Leone"," 2 August 2015"," Suspected","4424","Not reported.","158"
"Sierra Leone"," 2 August 2015"," Total","13 406","7","3951"
"All countries","  "," Confirmed","15 179","34","Data not available."
"All countries","  "," Probable","2618","Not reported.","Data not available."
"All countries","  "," Suspected","10 065","Not reported.","Data not available."
"All countries","  "," Total","27 862","34","11 281 "
