"","","","Number of cases","Number of deaths"
"Country","Data as of","Case definition"," Cumulative"," Cumulative"
"Guinea"," 7 October 2015"," Confirmed","3344","2081"
"Guinea"," 7 October 2015"," Probable","453","453"
"Guinea"," 7 October 2015"," Suspected","3","Not available"
"Guinea"," 7 October 2015"," Total","3800","2534"
"Liberia"," 20 September 2015"," Confirmed","6","2"
"Liberia"," 20 September 2015"," Probable","0","Not available"
"Liberia"," 20 September 2015"," Suspected","Not available","Not available"
"Liberia"," 20 September 2015"," Total","6","2"
"Liberia"," 9 May 2015"," Confirmed","3151","Not available"
"Liberia"," 9 May 2015"," Probable","1879","Not available"
"Liberia"," 9 May 2015"," Suspected","5636","Not available"
"Liberia"," 9 May 2015"," Total","10 666","4806"
"Sierra Leone"," 7 October 2015"," Confirmed","8704","3589"
"Sierra Leone"," 7 October 2015"," Probable","287","208"
"Sierra Leone"," 7 October 2015"," Suspected","4966","158"
"Sierra Leone"," 7 October 2015"," Total","13 957","3955"
"All countries","  "," Confirmed","15 205","Not available"
"All countries","  "," Probable","2619","Not available"
"All countries","  "," Suspected","10 605","Not available"
"All countries","  "," Total","28 429","11 297"
