"","","","Number of cases","Number of deaths"
"Country","Data as of","Case definition"," Cumulative"," Cumulative"
"Guinea"," 7 March 2015"," Confirmed","2866","1771"
"Guinea"," 7 March 2015"," Probable","392","392"
"Guinea"," 7 March 2015"," Suspected","15","Not available"
"Guinea"," 7 March 2015"," Total","3273","2163"
"Liberia"," 5 March 2015"," Confirmed","3150","Not available"
"Liberia"," 5 March 2015"," Probable","1879","Not available"
"Liberia"," 5 March 2015"," Suspected","4314","Not available"
"Liberia"," 5 March 2015"," Total","9343","4162"
"Sierra Leone"," 7 March 2015"," Confirmed","8416","3245"
"Sierra Leone"," 7 March 2015"," Probable","287","208"
"Sierra Leone"," 7 March 2015"," Suspected","2883","158"
"Sierra Leone"," 7 March 2015"," Total","11 586","3611"
"All countries","  "," Confirmed","14 432","Not available"
"All countries","  "," Probable","2558","Not available"
"All countries","  "," Suspected","7212","Not available"
"All countries","  "," Total","24 202","9936"
