"","","","Number of cases","Number of deaths"
"Country","Data as of","Case definition"," Cumulative"," Cumulative"
"Guinea"," 3 January 2015"," Confirmed","2465","1488"
"Guinea"," 3 January 2015"," Probable","280","280"
"Guinea"," 3 January 2015"," Suspected","26","0"
"Guinea"," 3 January 2015"," Total","2769","1767"
"Liberia"," 31 December 2014"," Confirmed","3116","Not available"
"Liberia"," 31 December 2014"," Probable","1805","Not available"
"Liberia"," 31 December 2014"," Suspected","3198","Not available"
"Liberia"," 31 December 2014"," Total","8115","3471"
"Sierra Leone"," 3 January 2015"," Confirmed","7570","2549"
"Sierra Leone"," 3 January 2015"," Probable","287","208"
"Sierra Leone"," 3 January 2015"," Suspected","1915","158"
"Sierra Leone"," 3 January 2015"," Total","9772","2915"
"All countries","  "," Total","20 656","8153"
