"","","","Number of cases","Number of deaths"
"Country","Data as of","Case definition"," Cumulative"," Cumulative"
"Guinea"," 2 May 2015"," Confirmed","3163","1970"
"Guinea"," 2 May 2015"," Probable","415","415"
"Guinea"," 2 May 2015"," Suspected","13","Not available"
"Guinea"," 2 May 2015"," Total","3591","2385"
"Liberia"," 23 April 2015"," Confirmed","3151","Not available"
"Liberia"," 23 April 2015"," Probable","1879","Not available"
"Liberia"," 23 April 2015"," Suspected","5292","Not available"
"Liberia"," 23 April 2015"," Total","10 322","4608"
"Sierra Leone"," 2 May 2015"," Confirmed","8592","3536"
"Sierra Leone"," 2 May 2015"," Probable","287","208"
"Sierra Leone"," 2 May 2015"," Suspected","3547","158"
"Sierra Leone"," 2 May 2015"," Total","12 426","3902"
"All countries","  "," Confirmed","14 906","Not available"
"All countries","  "," Probable","2581","Not available"
"All countries","  "," Suspected","8852","Not available"
"All countries","  "," Total","26 339","10 895"
