"","","","Number of cases","Number of deaths"
"Country","Data as of","Case definition"," Cumulative"," Cumulative"
"Guinea"," 3 June 2015"," Confirmed","3228","2012"
"Guinea"," 3 June 2015"," Probable","419","419"
"Guinea"," 3 June 2015"," Suspected","17","Not available"
"Guinea"," 3 June 2015"," Total","3664","2431"
"Liberia"," 9 May 2015"," Confirmed","3151","Not available"
"Liberia"," 9 May 2015"," Probable","1879","Not available"
"Liberia"," 9 May 2015"," Suspected","5636","Not available"
"Liberia"," 9 May 2015"," Total","10 666","4806"
"Sierra Leone"," 3 June 2015"," Confirmed","8624","3546"
"Sierra Leone"," 3 June 2015"," Probable","287","208"
"Sierra Leone"," 3 June 2015"," Suspected","3948","158"
"Sierra Leone"," 3 June 2015"," Total","12 859","3912"
"All countries","  "," Confirmed","15 003","Not available"
"All countries","  "," Probable","2585","Not available"
"All countries","  "," Suspected","9601","Not available"
"All countries","  "," Total","27 189","11 149"
