"","","","Number of cases","Number of deaths"
"Country","Data as of","Case definition"," Cumulative"," Cumulative"
"Guinea"," 9 May 2015"," Confirmed","3173","1976"
"Guinea"," 9 May 2015"," Probable","415","415"
"Guinea"," 9 May 2015"," Suspected","11","Not available"
"Guinea"," 9 May 2015"," Total","3599","2391"
"Liberia"," 5 May 2015"," Confirmed","3151","Not available"
"Liberia"," 5 May 2015"," Probable","1879","Not available"
"Liberia"," 5 May 2015"," Suspected","5574","Not available"
"Liberia"," 5 May 2015"," Total","10 604","4769"
"Sierra Leone"," 9 May 2015"," Confirmed","8597","3538"
"Sierra Leone"," 9 May 2015"," Probable","287","208"
"Sierra Leone"," 9 May 2015"," Suspected","3635","158"
"Sierra Leone"," 9 May 2015"," Total","12 519","3904"
"All countries","  "," Confirmed","14 921","Not available"
"All countries","  "," Probable","2581","Not available"
"All countries","  "," Suspected","9220","Not available"
"All countries","  "," Total","26 722","11 064"
