"","","","Number of cases","Number of deaths"
"Country","Data as of","Case definition"," Cumulative"," Cumulative"
"Guinea"," 3 February 2015"," Confirmed","2628","1608"
"Guinea"," 3 February 2015"," Probable","349","349"
"Guinea"," 3 February 2015"," Suspected","11","Not available"
"Guinea"," 3 February 2015"," Total","2988","1957"
"Liberia"," 1 February 2015"," Confirmed","3143","Not available"
"Liberia"," 1 February 2015"," Probable","1870","Not available"
"Liberia"," 1 February 2015"," Suspected","3732","Not available"
"Liberia"," 1 February 2015"," Total","8745","3746"
"Sierra Leone"," 3 February 2015"," Confirmed","8084","2935"
"Sierra Leone"," 3 February 2015"," Probable","287","208"
"Sierra Leone"," 3 February 2015"," Suspected","2421","158"
"Sierra Leone"," 3 February 2015"," Total","10 792","3301"
"All countries","  "," Total","22 525","9004"
